,0
0,pile_files/24538_8#118.unique.bam.MT.bam.pileup
1,pile_files/24538_8#68.unique.bam.MT.bam.pileup
2,pile_files/24538_8#97.unique.bam.MT.bam.pileup
3,pile_files/24538_5#249.unique.bam.MT.bam.pileup
4,pile_files/24947_1#494.unique.bam.MT.bam.pileup
5,pile_files/24947_1#509.unique.bam.MT.bam.pileup
6,pile_files/24538_5#318.unique.bam.MT.bam.pileup
7,pile_files/24947_1#458.unique.bam.MT.bam.pileup
8,pile_files/24538_5#285.unique.bam.MT.bam.pileup
9,pile_files/24538_5#189.unique.bam.MT.bam.pileup
10,pile_files/24538_5#145.unique.bam.MT.bam.pileup
11,pile_files/25076_8#384.unique.bam.MT.bam.pileup
12,pile_files/24538_5#176.unique.bam.MT.bam.pileup
13,pile_files/24947_1#495.unique.bam.MT.bam.pileup
14,pile_files/24538_5#248.unique.bam.MT.bam.pileup
15,pile_files/24947_1#508.unique.bam.MT.bam.pileup
16,pile_files/24538_5#319.unique.bam.MT.bam.pileup
17,pile_files/24538_5#284.unique.bam.MT.bam.pileup
18,pile_files/24947_1#459.unique.bam.MT.bam.pileup
19,pile_files/24538_5#188.unique.bam.MT.bam.pileup
20,pile_files/25076_8#385.unique.bam.MT.bam.pileup
21,pile_files/24538_5#144.unique.bam.MT.bam.pileup
22,pile_files/24538_5#177.unique.bam.MT.bam.pileup
23,pile_files/24538_8#119.unique.bam.MT.bam.pileup
24,pile_files/24538_8#69.unique.bam.MT.bam.pileup
25,pile_files/24538_8#96.unique.bam.MT.bam.pileup
26,pile_files/24538_5#279.unique.bam.MT.bam.pileup
27,pile_files/24947_1#497.unique.bam.MT.bam.pileup
28,pile_files/24538_5#328.unique.bam.MT.bam.pileup
29,pile_files/24538_5#286.unique.bam.MT.bam.pileup
30,pile_files/24947_1#468.unique.bam.MT.bam.pileup
31,pile_files/24538_5#175.unique.bam.MT.bam.pileup
32,pile_files/24538_5#146.unique.bam.MT.bam.pileup
33,pile_files/25076_8#387.unique.bam.MT.bam.pileup
34,pile_files/24538_8#128.unique.bam.MT.bam.pileup
35,pile_files/24538_8#58.unique.bam.MT.bam.pileup
36,pile_files/24538_8#94.unique.bam.MT.bam.pileup
37,pile_files/24538_8#129.unique.bam.MT.bam.pileup
38,pile_files/24538_8#59.unique.bam.MT.bam.pileup
39,pile_files/24538_8#95.unique.bam.MT.bam.pileup
40,pile_files/24538_5#278.unique.bam.MT.bam.pileup
41,pile_files/24947_1#496.unique.bam.MT.bam.pileup
42,pile_files/24538_5#287.unique.bam.MT.bam.pileup
43,pile_files/24538_5#329.unique.bam.MT.bam.pileup
44,pile_files/24947_1#469.unique.bam.MT.bam.pileup
45,pile_files/24538_5#174.unique.bam.MT.bam.pileup
46,pile_files/25076_8#386.unique.bam.MT.bam.pileup
47,pile_files/24538_5#147.unique.bam.MT.bam.pileup
48,pile_files/24538_5#228.unique.bam.MT.bam.pileup
49,pile_files/24947_1#493.unique.bam.MT.bam.pileup
50,pile_files/25076_8#409.unique.bam.MT.bam.pileup
51,pile_files/24538_5#282.unique.bam.MT.bam.pileup
52,pile_files/24947_1#439.unique.bam.MT.bam.pileup
53,pile_files/25271_1#368.unique.bam.MT.bam.pileup
54,pile_files/25076_8#383.unique.bam.MT.bam.pileup
55,pile_files/24538_5#142.unique.bam.MT.bam.pileup
56,pile_files/24538_5#171.unique.bam.MT.bam.pileup
57,pile_files/24538_8#90.unique.bam.MT.bam.pileup
58,pile_files/24538_8#91.unique.bam.MT.bam.pileup
59,pile_files/24538_5#229.unique.bam.MT.bam.pileup
60,pile_files/24947_1#492.unique.bam.MT.bam.pileup
61,pile_files/25076_8#408.unique.bam.MT.bam.pileup
62,pile_files/24538_5#283.unique.bam.MT.bam.pileup
63,pile_files/24947_1#438.unique.bam.MT.bam.pileup
64,pile_files/25271_1#369.unique.bam.MT.bam.pileup
65,pile_files/24538_5#143.unique.bam.MT.bam.pileup
66,pile_files/25076_8#382.unique.bam.MT.bam.pileup
67,pile_files/24538_5#170.unique.bam.MT.bam.pileup
68,pile_files/24538_8#39.unique.bam.MT.bam.pileup
69,pile_files/24538_8#93.unique.bam.MT.bam.pileup
70,pile_files/24538_5#218.unique.bam.MT.bam.pileup
71,pile_files/24947_1#490.unique.bam.MT.bam.pileup
72,pile_files/24538_5#281.unique.bam.MT.bam.pileup
73,pile_files/24538_5#349.unique.bam.MT.bam.pileup
74,pile_files/25271_1#358.unique.bam.MT.bam.pileup
75,pile_files/24538_5#172.unique.bam.MT.bam.pileup
76,pile_files/24538_5#141.unique.bam.MT.bam.pileup
77,pile_files/24538_5#219.unique.bam.MT.bam.pileup
78,pile_files/24947_1#491.unique.bam.MT.bam.pileup
79,pile_files/24538_5#280.unique.bam.MT.bam.pileup
80,pile_files/24538_5#348.unique.bam.MT.bam.pileup
81,pile_files/25271_1#359.unique.bam.MT.bam.pileup
82,pile_files/24538_5#173.unique.bam.MT.bam.pileup
83,pile_files/24538_5#140.unique.bam.MT.bam.pileup
84,pile_files/25076_8#381.unique.bam.MT.bam.pileup
85,pile_files/24538_8#38.unique.bam.MT.bam.pileup
86,pile_files/24538_8#92.unique.bam.MT.bam.pileup
87,pile_files/24538_5#342.unique.bam.MT.bam.pileup
88,pile_files/24947_1#431.unique.bam.MT.bam.pileup
89,pile_files/24947_1#457.unique.bam.MT.bam.pileup
90,pile_files/24538_5#324.unique.bam.MT.bam.pileup
91,pile_files/24538_5#317.unique.bam.MT.bam.pileup
92,pile_files/25076_8#401.unique.bam.MT.bam.pileup
93,pile_files/24947_1#464.unique.bam.MT.bam.pileup
94,pile_files/24947_1#506.unique.bam.MT.bam.pileup
95,pile_files/24538_5#275.unique.bam.MT.bam.pileup
96,pile_files/24538_5#246.unique.bam.MT.bam.pileup
97,pile_files/24538_5#220.unique.bam.MT.bam.pileup
98,pile_files/24538_5#213.unique.bam.MT.bam.pileup
99,pile_files/24538_5#179.unique.bam.MT.bam.pileup
100,pile_files/25271_1#353.unique.bam.MT.bam.pileup
101,pile_files/25271_1#360.unique.bam.MT.bam.pileup
102,pile_files/24538_5#186.unique.bam.MT.bam.pileup
103,pile_files/24538_8#124.unique.bam.MT.bam.pileup
104,pile_files/24538_8#117.unique.bam.MT.bam.pileup
105,pile_files/24538_8#98.unique.bam.MT.bam.pileup
106,pile_files/24538_8#54.unique.bam.MT.bam.pileup
107,pile_files/24538_8#67.unique.bam.MT.bam.pileup
108,pile_files/24538_8#32.unique.bam.MT.bam.pileup
109,pile_files/24538_8#125.unique.bam.MT.bam.pileup
110,pile_files/24538_8#116.unique.bam.MT.bam.pileup
111,pile_files/24538_8#99.unique.bam.MT.bam.pileup
112,pile_files/24538_8#55.unique.bam.MT.bam.pileup
113,pile_files/24538_8#66.unique.bam.MT.bam.pileup
114,pile_files/24538_8#33.unique.bam.MT.bam.pileup
115,pile_files/24947_1#430.unique.bam.MT.bam.pileup
116,pile_files/24538_5#343.unique.bam.MT.bam.pileup
117,pile_files/24538_5#325.unique.bam.MT.bam.pileup
118,pile_files/24947_1#456.unique.bam.MT.bam.pileup
119,pile_files/24947_1#465.unique.bam.MT.bam.pileup
120,pile_files/25076_8#400.unique.bam.MT.bam.pileup
121,pile_files/24538_5#316.unique.bam.MT.bam.pileup
122,pile_files/24538_5#274.unique.bam.MT.bam.pileup
123,pile_files/24947_1#507.unique.bam.MT.bam.pileup
124,pile_files/24538_5#247.unique.bam.MT.bam.pileup
125,pile_files/24538_5#221.unique.bam.MT.bam.pileup
126,pile_files/24538_5#212.unique.bam.MT.bam.pileup
127,pile_files/24538_5#178.unique.bam.MT.bam.pileup
128,pile_files/25271_1#361.unique.bam.MT.bam.pileup
129,pile_files/24538_5#187.unique.bam.MT.bam.pileup
130,pile_files/24538_8#114.unique.bam.MT.bam.pileup
131,pile_files/24538_8#127.unique.bam.MT.bam.pileup
132,pile_files/24538_8#64.unique.bam.MT.bam.pileup
133,pile_files/24538_8#57.unique.bam.MT.bam.pileup
134,pile_files/24538_8#31.unique.bam.MT.bam.pileup
135,pile_files/24538_5#341.unique.bam.MT.bam.pileup
136,pile_files/24947_1#432.unique.bam.MT.bam.pileup
137,pile_files/25076_8#402.unique.bam.MT.bam.pileup
138,pile_files/24538_5#314.unique.bam.MT.bam.pileup
139,pile_files/24947_1#467.unique.bam.MT.bam.pileup
140,pile_files/24947_1#454.unique.bam.MT.bam.pileup
141,pile_files/24538_5#289.unique.bam.MT.bam.pileup
142,pile_files/24538_5#327.unique.bam.MT.bam.pileup
143,pile_files/24538_5#245.unique.bam.MT.bam.pileup
144,pile_files/24947_1#498.unique.bam.MT.bam.pileup
145,pile_files/24947_1#505.unique.bam.MT.bam.pileup
146,pile_files/24538_5#276.unique.bam.MT.bam.pileup
147,pile_files/24538_5#210.unique.bam.MT.bam.pileup
148,pile_files/24538_5#223.unique.bam.MT.bam.pileup
149,pile_files/25076_8#388.unique.bam.MT.bam.pileup
150,pile_files/24538_5#149.unique.bam.MT.bam.pileup
151,pile_files/25271_1#363.unique.bam.MT.bam.pileup
152,pile_files/24538_5#185.unique.bam.MT.bam.pileup
153,pile_files/24947_1#433.unique.bam.MT.bam.pileup
154,pile_files/24538_5#340.unique.bam.MT.bam.pileup
155,pile_files/24947_1#466.unique.bam.MT.bam.pileup
156,pile_files/24538_5#315.unique.bam.MT.bam.pileup
157,pile_files/25076_8#403.unique.bam.MT.bam.pileup
158,pile_files/24538_5#326.unique.bam.MT.bam.pileup
159,pile_files/24538_5#288.unique.bam.MT.bam.pileup
160,pile_files/24947_1#455.unique.bam.MT.bam.pileup
161,pile_files/24947_1#499.unique.bam.MT.bam.pileup
162,pile_files/24538_5#244.unique.bam.MT.bam.pileup
163,pile_files/24538_5#277.unique.bam.MT.bam.pileup
164,pile_files/24947_1#504.unique.bam.MT.bam.pileup
165,pile_files/24538_5#211.unique.bam.MT.bam.pileup
166,pile_files/24538_5#222.unique.bam.MT.bam.pileup
167,pile_files/24538_5#148.unique.bam.MT.bam.pileup
168,pile_files/25076_8#389.unique.bam.MT.bam.pileup
169,pile_files/25271_1#362.unique.bam.MT.bam.pileup
170,pile_files/24538_5#184.unique.bam.MT.bam.pileup
171,pile_files/24538_8#115.unique.bam.MT.bam.pileup
172,pile_files/24538_8#126.unique.bam.MT.bam.pileup
173,pile_files/24538_8#65.unique.bam.MT.bam.pileup
174,pile_files/24538_8#56.unique.bam.MT.bam.pileup
175,pile_files/24538_8#30.unique.bam.MT.bam.pileup
176,pile_files/24538_8#123.unique.bam.MT.bam.pileup
177,pile_files/24538_8#110.unique.bam.MT.bam.pileup
178,pile_files/24538_8#35.unique.bam.MT.bam.pileup
179,pile_files/24538_8#53.unique.bam.MT.bam.pileup
180,pile_files/24538_8#60.unique.bam.MT.bam.pileup
181,pile_files/24538_5#323.unique.bam.MT.bam.pileup
182,pile_files/24947_1#450.unique.bam.MT.bam.pileup
183,pile_files/24947_1#463.unique.bam.MT.bam.pileup
184,pile_files/25076_8#406.unique.bam.MT.bam.pileup
185,pile_files/24538_5#310.unique.bam.MT.bam.pileup
186,pile_files/24947_1#436.unique.bam.MT.bam.pileup
187,pile_files/24538_5#345.unique.bam.MT.bam.pileup
188,pile_files/24538_5#227.unique.bam.MT.bam.pileup
189,pile_files/24538_5#214.unique.bam.MT.bam.pileup
190,pile_files/24538_5#272.unique.bam.MT.bam.pileup
191,pile_files/24947_1#501.unique.bam.MT.bam.pileup
192,pile_files/24538_5#241.unique.bam.MT.bam.pileup
193,pile_files/24538_5#181.unique.bam.MT.bam.pileup
194,pile_files/25271_1#354.unique.bam.MT.bam.pileup
195,pile_files/25271_1#367.unique.bam.MT.bam.pileup
196,pile_files/24947_1#451.unique.bam.MT.bam.pileup
197,pile_files/24538_5#322.unique.bam.MT.bam.pileup
198,pile_files/24538_5#311.unique.bam.MT.bam.pileup
199,pile_files/25076_8#407.unique.bam.MT.bam.pileup
200,pile_files/24947_1#462.unique.bam.MT.bam.pileup
201,pile_files/24538_5#344.unique.bam.MT.bam.pileup
202,pile_files/24947_1#437.unique.bam.MT.bam.pileup
203,pile_files/24538_5#226.unique.bam.MT.bam.pileup
204,pile_files/24538_5#215.unique.bam.MT.bam.pileup
205,pile_files/24947_1#500.unique.bam.MT.bam.pileup
206,pile_files/24538_5#273.unique.bam.MT.bam.pileup
207,pile_files/24538_5#240.unique.bam.MT.bam.pileup
208,pile_files/24538_5#180.unique.bam.MT.bam.pileup
209,pile_files/25271_1#355.unique.bam.MT.bam.pileup
210,pile_files/25271_1#366.unique.bam.MT.bam.pileup
211,pile_files/24538_8#122.unique.bam.MT.bam.pileup
212,pile_files/24538_8#111.unique.bam.MT.bam.pileup
213,pile_files/24538_8#34.unique.bam.MT.bam.pileup
214,pile_files/24538_8#52.unique.bam.MT.bam.pileup
215,pile_files/24538_8#61.unique.bam.MT.bam.pileup
216,pile_files/24947_1#460.unique.bam.MT.bam.pileup
217,pile_files/24538_5#313.unique.bam.MT.bam.pileup
218,pile_files/25076_8#405.unique.bam.MT.bam.pileup
219,pile_files/24538_5#320.unique.bam.MT.bam.pileup
220,pile_files/24947_1#453.unique.bam.MT.bam.pileup
221,pile_files/24947_1#435.unique.bam.MT.bam.pileup
222,pile_files/24538_5#346.unique.bam.MT.bam.pileup
223,pile_files/24538_5#217.unique.bam.MT.bam.pileup
224,pile_files/24538_5#224.unique.bam.MT.bam.pileup
225,pile_files/24538_5#242.unique.bam.MT.bam.pileup
226,pile_files/24538_5#271.unique.bam.MT.bam.pileup
227,pile_files/24947_1#502.unique.bam.MT.bam.pileup
228,pile_files/24538_5#182.unique.bam.MT.bam.pileup
229,pile_files/25271_1#364.unique.bam.MT.bam.pileup
230,pile_files/25271_1#357.unique.bam.MT.bam.pileup
231,pile_files/24538_8#113.unique.bam.MT.bam.pileup
232,pile_files/24538_8#120.unique.bam.MT.bam.pileup
233,pile_files/24538_8#36.unique.bam.MT.bam.pileup
234,pile_files/24538_8#63.unique.bam.MT.bam.pileup
235,pile_files/24538_8#50.unique.bam.MT.bam.pileup
236,pile_files/24538_8#112.unique.bam.MT.bam.pileup
237,pile_files/24538_8#121.unique.bam.MT.bam.pileup
238,pile_files/24538_8#37.unique.bam.MT.bam.pileup
239,pile_files/24538_8#62.unique.bam.MT.bam.pileup
240,pile_files/24538_8#51.unique.bam.MT.bam.pileup
241,pile_files/25076_8#404.unique.bam.MT.bam.pileup
242,pile_files/24538_5#312.unique.bam.MT.bam.pileup
243,pile_files/24947_1#461.unique.bam.MT.bam.pileup
244,pile_files/24947_1#452.unique.bam.MT.bam.pileup
245,pile_files/24538_5#321.unique.bam.MT.bam.pileup
246,pile_files/24538_5#347.unique.bam.MT.bam.pileup
247,pile_files/24947_1#434.unique.bam.MT.bam.pileup
248,pile_files/24538_5#216.unique.bam.MT.bam.pileup
249,pile_files/24538_5#225.unique.bam.MT.bam.pileup
250,pile_files/24538_5#243.unique.bam.MT.bam.pileup
251,pile_files/24947_1#503.unique.bam.MT.bam.pileup
252,pile_files/24538_5#270.unique.bam.MT.bam.pileup
253,pile_files/24538_5#183.unique.bam.MT.bam.pileup
254,pile_files/25271_1#365.unique.bam.MT.bam.pileup
255,pile_files/25271_1#356.unique.bam.MT.bam.pileup
256,pile_files/24538_8#78.unique.bam.MT.bam.pileup
257,pile_files/24538_8#87.unique.bam.MT.bam.pileup
258,pile_files/24538_8#108.unique.bam.MT.bam.pileup
259,pile_files/24538_5#199.unique.bam.MT.bam.pileup
260,pile_files/24538_5#166.unique.bam.MT.bam.pileup
261,pile_files/25076_8#394.unique.bam.MT.bam.pileup
262,pile_files/24538_8#8.unique.bam.MT.bam.pileup
263,pile_files/24538_5#155.unique.bam.MT.bam.pileup
264,pile_files/25271_1#380.unique.bam.MT.bam.pileup
265,pile_files/24947_1#519.unique.bam.MT.bam.pileup
266,pile_files/24538_5#259.unique.bam.MT.bam.pileup
267,pile_files/24947_1#484.unique.bam.MT.bam.pileup
268,pile_files/24947_1#448.unique.bam.MT.bam.pileup
269,pile_files/24538_5#295.unique.bam.MT.bam.pileup
270,pile_files/24538_5#308.unique.bam.MT.bam.pileup
271,pile_files/24538_5#198.unique.bam.MT.bam.pileup
272,pile_files/24538_5#167.unique.bam.MT.bam.pileup
273,pile_files/24538_5#154.unique.bam.MT.bam.pileup
274,pile_files/24538_8#9.unique.bam.MT.bam.pileup
275,pile_files/25076_8#395.unique.bam.MT.bam.pileup
276,pile_files/24947_1#518.unique.bam.MT.bam.pileup
277,pile_files/24947_1#485.unique.bam.MT.bam.pileup
278,pile_files/24538_5#258.unique.bam.MT.bam.pileup
279,pile_files/24538_5#294.unique.bam.MT.bam.pileup
280,pile_files/24947_1#449.unique.bam.MT.bam.pileup
281,pile_files/24538_5#309.unique.bam.MT.bam.pileup
282,pile_files/24538_8#79.unique.bam.MT.bam.pileup
283,pile_files/24538_8#86.unique.bam.MT.bam.pileup
284,pile_files/24538_8#109.unique.bam.MT.bam.pileup
285,pile_files/25076_8#397.unique.bam.MT.bam.pileup
286,pile_files/24538_5#156.unique.bam.MT.bam.pileup
287,pile_files/24538_5#165.unique.bam.MT.bam.pileup
288,pile_files/24947_1#487.unique.bam.MT.bam.pileup
289,pile_files/24538_5#269.unique.bam.MT.bam.pileup
290,pile_files/24947_1#478.unique.bam.MT.bam.pileup
291,pile_files/24538_5#296.unique.bam.MT.bam.pileup
292,pile_files/24538_5#338.unique.bam.MT.bam.pileup
293,pile_files/24538_8#48.unique.bam.MT.bam.pileup
294,pile_files/24538_8#84.unique.bam.MT.bam.pileup
295,pile_files/24538_8#49.unique.bam.MT.bam.pileup
296,pile_files/24538_8#85.unique.bam.MT.bam.pileup
297,pile_files/24538_5#157.unique.bam.MT.bam.pileup
298,pile_files/25076_8#396.unique.bam.MT.bam.pileup
299,pile_files/24538_5#164.unique.bam.MT.bam.pileup
300,pile_files/24947_1#486.unique.bam.MT.bam.pileup
301,pile_files/24538_5#268.unique.bam.MT.bam.pileup
302,pile_files/24947_1#479.unique.bam.MT.bam.pileup
303,pile_files/24538_5#339.unique.bam.MT.bam.pileup
304,pile_files/24538_5#297.unique.bam.MT.bam.pileup
305,pile_files/25271_1#378.unique.bam.MT.bam.pileup
306,pile_files/24538_5#161.unique.bam.MT.bam.pileup
307,pile_files/24538_5#152.unique.bam.MT.bam.pileup
308,pile_files/25076_8#393.unique.bam.MT.bam.pileup
309,pile_files/24538_5#238.unique.bam.MT.bam.pileup
310,pile_files/24947_1#483.unique.bam.MT.bam.pileup
311,pile_files/24538_5#292.unique.bam.MT.bam.pileup
312,pile_files/24947_1#429.unique.bam.MT.bam.pileup
313,pile_files/24538_8#19.unique.bam.MT.bam.pileup
314,pile_files/24538_8#80.unique.bam.MT.bam.pileup
315,pile_files/24538_8#18.unique.bam.MT.bam.pileup
316,pile_files/24538_8#81.unique.bam.MT.bam.pileup
317,pile_files/25271_1#379.unique.bam.MT.bam.pileup
318,pile_files/24538_5#160.unique.bam.MT.bam.pileup
319,pile_files/25076_8#392.unique.bam.MT.bam.pileup
320,pile_files/24538_5#153.unique.bam.MT.bam.pileup
321,pile_files/24538_5#239.unique.bam.MT.bam.pileup
322,pile_files/24947_1#482.unique.bam.MT.bam.pileup
323,pile_files/24538_5#293.unique.bam.MT.bam.pileup
324,pile_files/24947_1#428.unique.bam.MT.bam.pileup
325,pile_files/24538_8#29.unique.bam.MT.bam.pileup
326,pile_files/24538_8#83.unique.bam.MT.bam.pileup
327,pile_files/24538_5#137.unique.bam.MT.bam.pileup
328,pile_files/24538_5#151.unique.bam.MT.bam.pileup
329,pile_files/25076_8#390.unique.bam.MT.bam.pileup
330,pile_files/24538_5#162.unique.bam.MT.bam.pileup
331,pile_files/24538_5#208.unique.bam.MT.bam.pileup
332,pile_files/24947_1#480.unique.bam.MT.bam.pileup
333,pile_files/24538_5#291.unique.bam.MT.bam.pileup
334,pile_files/24947_1#419.unique.bam.MT.bam.pileup
335,pile_files/25076_8#391.unique.bam.MT.bam.pileup
336,pile_files/24538_5#150.unique.bam.MT.bam.pileup
337,pile_files/24538_5#163.unique.bam.MT.bam.pileup
338,pile_files/24538_5#209.unique.bam.MT.bam.pileup
339,pile_files/24947_1#481.unique.bam.MT.bam.pileup
340,pile_files/24538_5#290.unique.bam.MT.bam.pileup
341,pile_files/24947_1#418.unique.bam.MT.bam.pileup
342,pile_files/24538_8#28.unique.bam.MT.bam.pileup
343,pile_files/24538_8#82.unique.bam.MT.bam.pileup
344,pile_files/24538_8#7.unique.bam.MT.bam.pileup
345,pile_files/24538_5#169.unique.bam.MT.bam.pileup
346,pile_files/25271_1#370.unique.bam.MT.bam.pileup
347,pile_files/24538_5#196.unique.bam.MT.bam.pileup
348,pile_files/24538_5#352.unique.bam.MT.bam.pileup
349,pile_files/24947_1#421.unique.bam.MT.bam.pileup
350,pile_files/24947_1#412.unique.bam.MT.bam.pileup
351,pile_files/24538_5#307.unique.bam.MT.bam.pileup
352,pile_files/24947_1#474.unique.bam.MT.bam.pileup
353,pile_files/24947_1#447.unique.bam.MT.bam.pileup
354,pile_files/24538_5#334.unique.bam.MT.bam.pileup
355,pile_files/24538_5#256.unique.bam.MT.bam.pileup
356,pile_files/24947_1#516.unique.bam.MT.bam.pileup
357,pile_files/24538_5#265.unique.bam.MT.bam.pileup
358,pile_files/24538_5#203.unique.bam.MT.bam.pileup
359,pile_files/24538_5#230.unique.bam.MT.bam.pileup
360,pile_files/24538_8#88.unique.bam.MT.bam.pileup
361,pile_files/24538_8#77.unique.bam.MT.bam.pileup
362,pile_files/24538_8#44.unique.bam.MT.bam.pileup
363,pile_files/24538_8#22.unique.bam.MT.bam.pileup
364,pile_files/24538_8#11.unique.bam.MT.bam.pileup
365,pile_files/24538_8#107.unique.bam.MT.bam.pileup
366,pile_files/24538_8#134.unique.bam.MT.bam.pileup
367,pile_files/24538_8#89.unique.bam.MT.bam.pileup
368,pile_files/24538_8#76.unique.bam.MT.bam.pileup
369,pile_files/24538_8#45.unique.bam.MT.bam.pileup
370,pile_files/24538_8#23.unique.bam.MT.bam.pileup
371,pile_files/24538_8#10.unique.bam.MT.bam.pileup
372,pile_files/24538_8#106.unique.bam.MT.bam.pileup
373,pile_files/24538_8#135.unique.bam.MT.bam.pileup
374,pile_files/24538_8#6.unique.bam.MT.bam.pileup
375,pile_files/24538_5#168.unique.bam.MT.bam.pileup
376,pile_files/25271_1#371.unique.bam.MT.bam.pileup
377,pile_files/24538_5#197.unique.bam.MT.bam.pileup
378,pile_files/24947_1#420.unique.bam.MT.bam.pileup
379,pile_files/24947_1#413.unique.bam.MT.bam.pileup
380,pile_files/24947_1#475.unique.bam.MT.bam.pileup
381,pile_files/24538_5#306.unique.bam.MT.bam.pileup
382,pile_files/24538_5#335.unique.bam.MT.bam.pileup
383,pile_files/24947_1#446.unique.bam.MT.bam.pileup
384,pile_files/24947_1#524.unique.bam.MT.bam.pileup
385,pile_files/24538_5#257.unique.bam.MT.bam.pileup
386,pile_files/24538_5#264.unique.bam.MT.bam.pileup
387,pile_files/24947_1#517.unique.bam.MT.bam.pileup
388,pile_files/24538_5#202.unique.bam.MT.bam.pileup
389,pile_files/24538_5#231.unique.bam.MT.bam.pileup
390,pile_files/24538_8#47.unique.bam.MT.bam.pileup
391,pile_files/24538_8#74.unique.bam.MT.bam.pileup
392,pile_files/24538_8#12.unique.bam.MT.bam.pileup
393,pile_files/24538_8#21.unique.bam.MT.bam.pileup
394,pile_files/24538_8#104.unique.bam.MT.bam.pileup
395,pile_files/24538_8#4.unique.bam.MT.bam.pileup
396,pile_files/24538_5#159.unique.bam.MT.bam.pileup
397,pile_files/25076_8#398.unique.bam.MT.bam.pileup
398,pile_files/25271_1#373.unique.bam.MT.bam.pileup
399,pile_files/24538_5#195.unique.bam.MT.bam.pileup
400,pile_files/24947_1#411.unique.bam.MT.bam.pileup
401,pile_files/24538_5#351.unique.bam.MT.bam.pileup
402,pile_files/24947_1#422.unique.bam.MT.bam.pileup
403,pile_files/24947_1#444.unique.bam.MT.bam.pileup
404,pile_files/24538_5#337.unique.bam.MT.bam.pileup
405,pile_files/24538_5#299.unique.bam.MT.bam.pileup
406,pile_files/24538_5#304.unique.bam.MT.bam.pileup
407,pile_files/24947_1#477.unique.bam.MT.bam.pileup
408,pile_files/24947_1#515.unique.bam.MT.bam.pileup
409,pile_files/24538_5#266.unique.bam.MT.bam.pileup
410,pile_files/24538_5#255.unique.bam.MT.bam.pileup
411,pile_files/24947_1#488.unique.bam.MT.bam.pileup
412,pile_files/24538_5#233.unique.bam.MT.bam.pileup
413,pile_files/24538_5#200.unique.bam.MT.bam.pileup
414,pile_files/25076_8#399.unique.bam.MT.bam.pileup
415,pile_files/24538_5#158.unique.bam.MT.bam.pileup
416,pile_files/24538_8#5.unique.bam.MT.bam.pileup
417,pile_files/25271_1#372.unique.bam.MT.bam.pileup
418,pile_files/24538_5#194.unique.bam.MT.bam.pileup
419,pile_files/24947_1#410.unique.bam.MT.bam.pileup
420,pile_files/24947_1#423.unique.bam.MT.bam.pileup
421,pile_files/24538_5#350.unique.bam.MT.bam.pileup
422,pile_files/24538_5#298.unique.bam.MT.bam.pileup
423,pile_files/24538_5#336.unique.bam.MT.bam.pileup
424,pile_files/24947_1#445.unique.bam.MT.bam.pileup
425,pile_files/24947_1#476.unique.bam.MT.bam.pileup
426,pile_files/24538_5#305.unique.bam.MT.bam.pileup
427,pile_files/24538_5#267.unique.bam.MT.bam.pileup
428,pile_files/24947_1#514.unique.bam.MT.bam.pileup
429,pile_files/24947_1#489.unique.bam.MT.bam.pileup
430,pile_files/24538_5#254.unique.bam.MT.bam.pileup
431,pile_files/24538_5#232.unique.bam.MT.bam.pileup
432,pile_files/24538_5#201.unique.bam.MT.bam.pileup
433,pile_files/24538_8#46.unique.bam.MT.bam.pileup
434,pile_files/24538_8#75.unique.bam.MT.bam.pileup
435,pile_files/24538_8#13.unique.bam.MT.bam.pileup
436,pile_files/24538_8#20.unique.bam.MT.bam.pileup
437,pile_files/24538_8#136.unique.bam.MT.bam.pileup
438,pile_files/24538_8#105.unique.bam.MT.bam.pileup
439,pile_files/24538_8#25.unique.bam.MT.bam.pileup
440,pile_files/24538_8#16.unique.bam.MT.bam.pileup
441,pile_files/24538_8#70.unique.bam.MT.bam.pileup
442,pile_files/24538_8#43.unique.bam.MT.bam.pileup
443,pile_files/24538_8#100.unique.bam.MT.bam.pileup
444,pile_files/24538_8#133.unique.bam.MT.bam.pileup
445,pile_files/24538_5#191.unique.bam.MT.bam.pileup
446,pile_files/25271_1#377.unique.bam.MT.bam.pileup
447,pile_files/24947_1#473.unique.bam.MT.bam.pileup
448,pile_files/24538_5#300.unique.bam.MT.bam.pileup
449,pile_files/24538_5#333.unique.bam.MT.bam.pileup
450,pile_files/24947_1#440.unique.bam.MT.bam.pileup
451,pile_files/24947_1#426.unique.bam.MT.bam.pileup
452,pile_files/24947_1#415.unique.bam.MT.bam.pileup
453,pile_files/24538_5#204.unique.bam.MT.bam.pileup
454,pile_files/24538_5#237.unique.bam.MT.bam.pileup
455,pile_files/24947_1#522.unique.bam.MT.bam.pileup
456,pile_files/24538_5#251.unique.bam.MT.bam.pileup
457,pile_files/24538_5#262.unique.bam.MT.bam.pileup
458,pile_files/24947_1#511.unique.bam.MT.bam.pileup
459,pile_files/24538_8#1.unique.bam.MT.bam.pileup
460,pile_files/24538_5#190.unique.bam.MT.bam.pileup
461,pile_files/25271_1#376.unique.bam.MT.bam.pileup
462,pile_files/24538_5#301.unique.bam.MT.bam.pileup
463,pile_files/24947_1#472.unique.bam.MT.bam.pileup
464,pile_files/24947_1#441.unique.bam.MT.bam.pileup
465,pile_files/24538_5#332.unique.bam.MT.bam.pileup
466,pile_files/24947_1#427.unique.bam.MT.bam.pileup
467,pile_files/24947_1#414.unique.bam.MT.bam.pileup
468,pile_files/24538_5#205.unique.bam.MT.bam.pileup
469,pile_files/24538_5#236.unique.bam.MT.bam.pileup
470,pile_files/24538_5#250.unique.bam.MT.bam.pileup
471,pile_files/24947_1#523.unique.bam.MT.bam.pileup
472,pile_files/24947_1#510.unique.bam.MT.bam.pileup
473,pile_files/24538_5#263.unique.bam.MT.bam.pileup
474,pile_files/24538_8#24.unique.bam.MT.bam.pileup
475,pile_files/24538_8#17.unique.bam.MT.bam.pileup
476,pile_files/24538_8#71.unique.bam.MT.bam.pileup
477,pile_files/24538_8#42.unique.bam.MT.bam.pileup
478,pile_files/24538_8#101.unique.bam.MT.bam.pileup
479,pile_files/24538_8#132.unique.bam.MT.bam.pileup
480,pile_files/24538_5#138.unique.bam.MT.bam.pileup
481,pile_files/24538_8#3.unique.bam.MT.bam.pileup
482,pile_files/24538_5#192.unique.bam.MT.bam.pileup
483,pile_files/25271_1#374.unique.bam.MT.bam.pileup
484,pile_files/24538_5#330.unique.bam.MT.bam.pileup
485,pile_files/24947_1#443.unique.bam.MT.bam.pileup
486,pile_files/24947_1#470.unique.bam.MT.bam.pileup
487,pile_files/24538_5#303.unique.bam.MT.bam.pileup
488,pile_files/24947_1#416.unique.bam.MT.bam.pileup
489,pile_files/24947_1#425.unique.bam.MT.bam.pileup
490,pile_files/24538_5#234.unique.bam.MT.bam.pileup
491,pile_files/24538_5#207.unique.bam.MT.bam.pileup
492,pile_files/24538_5#261.unique.bam.MT.bam.pileup
493,pile_files/24947_1#512.unique.bam.MT.bam.pileup
494,pile_files/24947_1#521.unique.bam.MT.bam.pileup
495,pile_files/24538_5#252.unique.bam.MT.bam.pileup
496,pile_files/24538_8#15.unique.bam.MT.bam.pileup
497,pile_files/24538_8#26.unique.bam.MT.bam.pileup
498,pile_files/24538_8#40.unique.bam.MT.bam.pileup
499,pile_files/24538_8#73.unique.bam.MT.bam.pileup
500,pile_files/24538_8#130.unique.bam.MT.bam.pileup
501,pile_files/24538_8#103.unique.bam.MT.bam.pileup
502,pile_files/24538_8#14.unique.bam.MT.bam.pileup
503,pile_files/24538_8#27.unique.bam.MT.bam.pileup
504,pile_files/24538_8#41.unique.bam.MT.bam.pileup
505,pile_files/24538_8#72.unique.bam.MT.bam.pileup
506,pile_files/24538_8#131.unique.bam.MT.bam.pileup
507,pile_files/24538_8#102.unique.bam.MT.bam.pileup
508,pile_files/24538_5#139.unique.bam.MT.bam.pileup
509,pile_files/24538_8#2.unique.bam.MT.bam.pileup
510,pile_files/24538_5#193.unique.bam.MT.bam.pileup
511,pile_files/25271_1#375.unique.bam.MT.bam.pileup
512,pile_files/24947_1#442.unique.bam.MT.bam.pileup
513,pile_files/24538_5#331.unique.bam.MT.bam.pileup
514,pile_files/24538_5#302.unique.bam.MT.bam.pileup
515,pile_files/24947_1#471.unique.bam.MT.bam.pileup
516,pile_files/24947_1#417.unique.bam.MT.bam.pileup
517,pile_files/24947_1#424.unique.bam.MT.bam.pileup
518,pile_files/24538_5#235.unique.bam.MT.bam.pileup
519,pile_files/24538_5#206.unique.bam.MT.bam.pileup
520,pile_files/24947_1#513.unique.bam.MT.bam.pileup
521,pile_files/24538_5#260.unique.bam.MT.bam.pileup
522,pile_files/24538_5#253.unique.bam.MT.bam.pileup
523,pile_files/24947_1#520.unique.bam.MT.bam.pileup
