"g#","initial_alias","initial_ensg","o#","ortholog_name","ortholog_ensg","description"
"1","ENSG00000124762","ENSG00000124762","1.1.1","Cdkn1a","ENSMUSG00000023067","cyclin-dependent kinase inhibitor 1A (P21) [Source:MGI Symbol;Acc:MGI:104556]"
"2","ENSG00000048392","ENSG00000048392","2.1.1","Rrm2b","ENSMUSG00000022292","ribonucleotide reductase M2 B (TP53 inducible) [Source:MGI Symbol;Acc:MGI:2155865]"
"3","ENSG00000135679","ENSG00000135679","3.1.1","Mdm2","ENSMUSG00000020184","transformed mouse 3T3 cell double minute 2 [Source:MGI Symbol;Acc:MGI:96952]"
"4","ENSG00000100647","ENSG00000100647","4.1.1","Susd6","ENSMUSG00000021133","sushi domain containing 6 [Source:MGI Symbol;Acc:MGI:2444661]"
"5","ENSG00000130513","ENSG00000130513","5.1.1","Gdf15","ENSMUSG00000038508","growth differentiation factor 15 [Source:MGI Symbol;Acc:MGI:1346047]"
"6","ENSG00000159388","ENSG00000159388","6.1.1","Btg2","ENSMUSG00000020423","B cell translocation gene 2, anti-proliferative [Source:MGI Symbol;Acc:MGI:108384]"
"7","ENSG00000134574","ENSG00000134574","7.1.1","Ddb2","ENSMUSG00000002109","damage specific DNA binding protein 2 [Source:MGI Symbol;Acc:MGI:1355314]"
"8","ENSG00000116717","ENSG00000116717","8.1.1","Gadd45a","ENSMUSG00000036390","growth arrest and DNA-damage-inducible 45 alpha [Source:MGI Symbol;Acc:MGI:107799]"
"9","ENSG00000173846","ENSG00000173846","9.1.1","Plk3","ENSMUSG00000028680","polo like kinase 3 [Source:MGI Symbol;Acc:MGI:109604]"
"10","ENSG00000078237","ENSG00000078237","10.1.1","Tigar","ENSMUSG00000038028","Trp53 induced glycolysis repulatory phosphatase [Source:MGI Symbol;Acc:MGI:2442752]"
"11","ENSG00000185088","ENSG00000185088","11.1.1","Rps27l","ENSMUSG00000036781","ribosomal protein S27-like [Source:MGI Symbol;Acc:MGI:1915191]"
"12","ENSG00000120889","ENSG00000120889","12.1.1","Tnfrsf22","ENSMUSG00000010751","tumor necrosis factor receptor superfamily, member 22 [Source:MGI Symbol;Acc:MGI:1930270]"
"12","ENSG00000120889","ENSG00000120889","12.1.2","Tnfrsf23","ENSMUSG00000037613","tumor necrosis factor receptor superfamily, member 23 [Source:MGI Symbol;Acc:MGI:1930269]"
"12","ENSG00000120889","ENSG00000120889","12.1.3","Tnfrsf26","ENSMUSG00000045362","tumor necrosis factor receptor superfamily, member 26 [Source:MGI Symbol;Acc:MGI:2651928]"
"13","ENSG00000170855","ENSG00000170855","13.1.1","Triap1","ENSMUSG00000029535","TP53 regulated inhibitor of apoptosis 1 [Source:MGI Symbol;Acc:MGI:1916326]"
"14","ENSG00000172667","ENSG00000172667","14.1.1","Zmat3","ENSMUSG00000027663","zinc finger matrin type 3 [Source:MGI Symbol;Acc:MGI:1195270]"
"15","ENSG00000087088","ENSG00000087088","15.1.1","Bax","ENSMUSG00000003873","BCL2-associated X protein [Source:MGI Symbol;Acc:MGI:99702]"
"16","ENSG00000119630","ENSG00000119630","16.1.1","Pgf","ENSMUSG00000004791","placental growth factor [Source:MGI Symbol;Acc:MGI:105095]"
"17","ENSG00000170734","ENSG00000170734","17.1.1","Polh","ENSMUSG00000023953","polymerase (DNA directed), eta (RAD 30 related) [Source:MGI Symbol;Acc:MGI:1891457]"
"18","ENSG00000170836","ENSG00000170836","18.1.1","Ppm1d","ENSMUSG00000020525","protein phosphatase 1D magnesium-dependent, delta isoform [Source:MGI Symbol;Acc:MGI:1858214]"
"19","ENSG00000196562","ENSG00000196562","19.1.1","Sulf2","ENSMUSG00000006800","sulfatase 2 [Source:MGI Symbol;Acc:MGI:1919293]"
"20","ENSG00000154767","ENSG00000154767","20.1.1","Xpc","ENSMUSG00000030094","xeroderma pigmentosum, complementation group C [Source:MGI Symbol;Acc:MGI:103557]"
"21","ENSG00000181026","ENSG00000181026","21.1.1","Aen","ENSMUSG00000030609","apoptosis enhancing nuclease [Source:MGI Symbol;Acc:MGI:1915298]"
"22","ENSG00000026103","ENSG00000026103","22.1.1","Fas","ENSMUSG00000024778","Fas (TNF receptor superfamily member 6) [Source:MGI Symbol;Acc:MGI:95484]"
"23","ENSG00000138271","ENSG00000138271","23.1.1","Gpr87","ENSMUSG00000051431","G protein-coupled receptor 87 [Source:MGI Symbol;Acc:MGI:1934133]"
"24","ENSG00000131669","ENSG00000131669","24.1.1","Ninj1","ENSMUSG00000037966","ninjurin 1 [Source:MGI Symbol;Acc:MGI:1196617]"
"25","ENSG00000145632","ENSG00000145632","25.1.1","Plk2","ENSMUSG00000021701","polo like kinase 2 [Source:MGI Symbol;Acc:MGI:1099790]"
"26","ENSG00000080546","ENSG00000080546","26.1.1","Sesn1","ENSMUSG00000038332","sestrin 1 [Source:MGI Symbol;Acc:MGI:2155278]"
"27","ENSG00000115129","ENSG00000115129","27.1.1","N/A","N/A","N/A"
"28","ENSG00000164938","ENSG00000164938","28.1.1","Trp53inp1","ENSMUSG00000028211","transformation related protein 53 inducible nuclear protein 1 [Source:MGI Symbol;Acc:MGI:1926609]"
"29","ENSG00000144452","ENSG00000144452","29.1.1","Abca12","ENSMUSG00000050296","ATP-binding cassette, sub-family A (ABC1), member 12 [Source:MGI Symbol;Acc:MGI:2676312]"
"30","ENSG00000113328","ENSG00000113328","30.1.1","Ccng1","ENSMUSG00000020326","cyclin G1 [Source:MGI Symbol;Acc:MGI:102890]"
"31","ENSG00000055163","ENSG00000055163","31.1.1","Cyfip2","ENSMUSG00000020340","cytoplasmic FMR1 interacting protein 2 [Source:MGI Symbol;Acc:MGI:1924134]"
"32","ENSG00000136048","ENSG00000136048","32.1.1","Dram1","ENSMUSG00000020057","DNA-damage regulated autophagy modulator 1 [Source:MGI Symbol;Acc:MGI:1918962]"
"33","ENSG00000167196","ENSG00000167196","33.1.1","Fbxo22","ENSMUSG00000032309","F-box protein 22 [Source:MGI Symbol;Acc:MGI:1926014]"
"34","ENSG00000136003","ENSG00000136003","34.1.1","Iscu","ENSMUSG00000025825","iron-sulfur cluster assembly enzyme [Source:MGI Symbol;Acc:MGI:1913633]"
"35","ENSG00000174307","ENSG00000174307","35.1.1","Phlda3","ENSMUSG00000041801","pleckstrin homology like domain, family A, member 3 [Source:MGI Symbol;Acc:MGI:1351485]"
"36","ENSG00000206075","ENSG00000206075","36.1.1","Serpinb5","ENSMUSG00000067006","serine (or cysteine) peptidase inhibitor, clade B, member 5 [Source:MGI Symbol;Acc:MGI:109579]"
"37","ENSG00000076604","ENSG00000076604","37.1.1","Traf4","ENSMUSG00000017386","TNF receptor associated factor 4 [Source:MGI Symbol;Acc:MGI:1202880]"
"38","ENSG00000132274","ENSG00000132274","38.1.1","Trim75","ENSMUSG00000071089","tripartite motif-containing 75 [Source:MGI Symbol;Acc:MGI:2685640]"
"39","ENSG00000172831","ENSG00000172831","39.1.1","Ces2g","ENSMUSG00000031877","carboxylesterase 2G [Source:MGI Symbol;Acc:MGI:1919611]"
"39","ENSG00000172831","ENSG00000172831","39.1.2","Ces2e","ENSMUSG00000031886","carboxylesterase 2E [Source:MGI Symbol;Acc:MGI:2443170]"
"39","ENSG00000172831","ENSG00000172831","39.1.3","Ces2b","ENSMUSG00000050097","carboxyesterase 2B [Source:MGI Symbol;Acc:MGI:2448547]"
"39","ENSG00000172831","ENSG00000172831","39.1.4","Ces2a","ENSMUSG00000055730","carboxylesterase 2A [Source:MGI Symbol;Acc:MGI:2142491]"
"39","ENSG00000172831","ENSG00000172831","39.1.5","Ces2c","ENSMUSG00000061825","carboxylesterase 2C [Source:MGI Symbol;Acc:MGI:2385905]"
"39","ENSG00000172831","ENSG00000172831","39.1.6","Ces2f","ENSMUSG00000062826","carboxylesterase 2F [Source:MGI Symbol;Acc:MGI:1919153]"
"40","ENSG00000049130","ENSG00000049130","40.1.1","Kitl","ENSMUSG00000019966","kit ligand [Source:MGI Symbol;Acc:MGI:96974]"
"41","ENSG00000162772","ENSG00000162772","41.1.1","Atf3","ENSMUSG00000026628","activating transcription factor 3 [Source:MGI Symbol;Acc:MGI:109384]"
"42","ENSG00000105327","ENSG00000105327","42.1.1","N/A","N/A","N/A"
"43","ENSG00000131080","ENSG00000131080","43.1.1","Eda2r","ENSMUSG00000034457","ectodysplasin A2 receptor [Source:MGI Symbol;Acc:MGI:2442860]"
"44","ENSG00000142627","ENSG00000142627","44.1.1","Epha2","ENSMUSG00000006445","Eph receptor A2 [Source:MGI Symbol;Acc:MGI:95278]"
"45","ENSG00000161513","ENSG00000161513","45.1.1","N/A","N/A","N/A"
"46","ENSG00000128342","ENSG00000128342","46.1.1","Lif","ENSMUSG00000034394","leukemia inhibitory factor [Source:MGI Symbol;Acc:MGI:96787]"
"47","ENSG00000111725","ENSG00000111725","47.1.1","Prkab1","ENSMUSG00000029513","protein kinase, AMP-activated, beta 1 non-catalytic subunit [Source:MGI Symbol;Acc:MGI:1336167]"
"48","ENSG00000112245","ENSG00000112245","48.1.1","Ptp4a1","ENSMUSG00000026064","protein tyrosine phosphatase 4a1 [Source:MGI Symbol;Acc:MGI:1277096]"
"48","ENSG00000112245","ENSG00000112245","48.1.2","Ptp4a1","ENSMUSG00000117310","protein tyrosine phosphatase 4a1 [Source:NCBI gene;Acc:19243]"
"49","ENSG00000163071","ENSG00000163071","49.1.1","Spata18","ENSMUSG00000029155","spermatogenesis associated 18 [Source:MGI Symbol;Acc:MGI:1920722]"
"50","ENSG00000163235","ENSG00000163235","50.1.1","Tgfa","ENSMUSG00000029999","transforming growth factor alpha [Source:MGI Symbol;Acc:MGI:98724]"
"51","ENSG00000164342","ENSG00000164342","51.1.1","Tlr3","ENSMUSG00000031639","toll-like receptor 3 [Source:MGI Symbol;Acc:MGI:2156367]"
"52","ENSG00000196152","ENSG00000196152","52.1.1","N/A","N/A","N/A"
"53","ENSG00000085117","ENSG00000085117","53.1.1","Cd82","ENSMUSG00000027215","CD82 antigen [Source:MGI Symbol;Acc:MGI:104651]"
"54","ENSG00000089486","ENSG00000089486","54.1.1","Cdip1","ENSMUSG00000004071","cell death inducing Trp53 target 1 [Source:MGI Symbol;Acc:MGI:1913876]"
"55","ENSG00000184371","ENSG00000184371","55.1.1","Csf1","ENSMUSG00000014599","colony stimulating factor 1 (macrophage) [Source:MGI Symbol;Acc:MGI:1339753]"
"56","ENSG00000179163","ENSG00000179163","56.1.1","Fuca1","ENSMUSG00000028673","fucosidase, alpha-L- 1, tissue [Source:MGI Symbol;Acc:MGI:95593]"
"57","ENSG00000162783","ENSG00000162783","57.1.1","Ier5","ENSMUSG00000056708","immediate early response 5 [Source:MGI Symbol;Acc:MGI:1337072]"
"58","ENSG00000159339","ENSG00000159339","58.1.1","Padi4","ENSMUSG00000025330","peptidyl arginine deiminase, type IV [Source:MGI Symbol;Acc:MGI:1338898]"
"59","ENSG00000152782","ENSG00000152782","59.1.1","Pank1","ENSMUSG00000033610","pantothenate kinase 1 [Source:MGI Symbol;Acc:MGI:1922985]"
"60","ENSG00000141682","ENSG00000141682","60.1.1","Pmaip1","ENSMUSG00000024521","phorbol-12-myristate-13-acetate-induced protein 1 [Source:MGI Symbol;Acc:MGI:1930146]"
"61","ENSG00000057657","ENSG00000057657","61.1.1","Prdm1","ENSMUSG00000038151","PR domain containing 1, with ZNF domain [Source:MGI Symbol;Acc:MGI:99655]"
"62","ENSG00000181467","ENSG00000181467","62.1.1","Rap2b","ENSMUSG00000036894","RAP2B, member of RAS oncogene family [Source:MGI Symbol;Acc:MGI:1921262]"
"63","ENSG00000166592","ENSG00000166592","63.1.1","Rrad","ENSMUSG00000031880","Ras-related associated with diabetes [Source:MGI Symbol;Acc:MGI:1930943]"
"64","ENSG00000107796","ENSG00000107796","64.1.1","Acta2","ENSMUSG00000035783","actin, alpha 2, smooth muscle, aorta [Source:MGI Symbol;Acc:MGI:87909]"
"65","ENSG00000127129","ENSG00000127129","65.1.1","Edn2","ENSMUSG00000028635","endothelin 2 [Source:MGI Symbol;Acc:MGI:95284]"
"66","ENSG00000012779","ENSG00000012779","66.1.1","Alox5","ENSMUSG00000025701","arachidonate 5-lipoxygenase [Source:MGI Symbol;Acc:MGI:87999]"
"67","ENSG00000204580","ENSG00000204580","67.1.1","Ddr1","ENSMUSG00000003534","discoidin domain receptor family, member 1 [Source:MGI Symbol;Acc:MGI:99216]"
"68","ENSG00000162496","ENSG00000162496","68.1.1","Dhrs3","ENSMUSG00000066026","dehydrogenase/reductase (SDR family) member 3 [Source:MGI Symbol;Acc:MGI:1315215]"
"69","ENSG00000165891","ENSG00000165891","69.1.1","E2f7","ENSMUSG00000020185","E2F transcription factor 7 [Source:MGI Symbol;Acc:MGI:1289147]"
"70","ENSG00000135423","ENSG00000135423","70.1.1","Gls2","ENSMUSG00000044005","glutaminase 2 (liver, mitochondrial) [Source:MGI Symbol;Acc:MGI:2143539]"
"71","ENSG00000233276","ENSG00000233276","71.1.1","Gpx1","ENSMUSG00000063856","glutathione peroxidase 1 [Source:MGI Symbol;Acc:MGI:104887]"
"72","ENSG00000148400","ENSG00000148400","72.1.1","Notch1","ENSMUSG00000026923","notch 1 [Source:MGI Symbol;Acc:MGI:97363]"
"73","ENSG00000100949","ENSG00000100949","73.1.1","Rabggta","ENSMUSG00000040472","Rab geranylgeranyl transferase, a subunit [Source:MGI Symbol;Acc:MGI:1860443]"
"74","ENSG00000104689","ENSG00000104689","74.1.1","N/A","N/A","N/A"
"75","ENSG00000106366","ENSG00000106366","75.1.1","Serpine1","ENSMUSG00000037411","serine (or cysteine) peptidase inhibitor, clade E, member 1 [Source:MGI Symbol;Acc:MGI:97608]"
"76","ENSG00000132646","ENSG00000132646","76.1.1","Pcna","ENSMUSG00000027342","proliferating cell nuclear antigen [Source:MGI Symbol;Acc:MGI:97503]"
"77","ENSG00000120868","ENSG00000120868","77.1.1","Apaf1","ENSMUSG00000019979","apoptotic peptidase activating factor 1 [Source:MGI Symbol;Acc:MGI:1306796]"
"78","ENSG00000113916","ENSG00000113916","78.1.1","Bcl6","ENSMUSG00000022508","B cell leukemia/lymphoma 6 [Source:MGI Symbol;Acc:MGI:107187]"
"79","ENSG00000182541","ENSG00000182541","79.1.1","Limk2","ENSMUSG00000020451","LIM motif-containing protein kinase 2 [Source:MGI Symbol;Acc:MGI:1197517]"
"80","ENSG00000177595","ENSG00000177595","80.1.1","Pidd1","ENSMUSG00000025507","p53 induced death domain protein 1 [Source:MGI Symbol;Acc:MGI:1889507]"
"81","ENSG00000140464","ENSG00000140464","81.1.1","Pml","ENSMUSG00000036986","promyelocytic leukemia [Source:MGI Symbol;Acc:MGI:104662]"
"82","ENSG00000038427","ENSG00000038427","82.1.1","Vcan","ENSMUSG00000021614","versican [Source:MGI Symbol;Acc:MGI:102889]"
"83","ENSG00000170835","ENSG00000170835","83.1.1","Cel","ENSMUSG00000026818","carboxyl ester lipase [Source:MGI Symbol;Acc:MGI:88374]"
"84","ENSG00000196730","ENSG00000196730","84.1.1","Dapk1","ENSMUSG00000021559","death associated protein kinase 1 [Source:MGI Symbol;Acc:MGI:1916885]"
"85","ENSG00000160789","ENSG00000160789","85.1.1","Lmna","ENSMUSG00000028063","lamin A [Source:MGI Symbol;Acc:MGI:96794]"
"86","ENSG00000100979","ENSG00000100979","86.1.1","Pltp","ENSMUSG00000017754","phospholipid transfer protein [Source:MGI Symbol;Acc:MGI:103151]"
"87","ENSG00000100033","ENSG00000100033","87.1.1","Prodh","ENSMUSG00000003526","proline dehydrogenase [Source:MGI Symbol;Acc:MGI:97770]"
"88","ENSG00000115963","ENSG00000115963","88.1.1","Rnd3","ENSMUSG00000017144","Rho family GTPase 3 [Source:MGI Symbol;Acc:MGI:1921444]"
"89","ENSG00000137393","ENSG00000137393","89.1.1","Rnf144b","ENSMUSG00000038068","ring finger protein 144B [Source:MGI Symbol;Acc:MGI:2384986]"
"90","ENSG00000196754","ENSG00000196754","90.1.1","S100a2","ENSMUSG00000094018","S100 calcium binding protein A2 [Source:MGI Symbol;Acc:MGI:3510999]"
"91","ENSG00000012171","ENSG00000012171","91.1.1","Sema3b","ENSMUSG00000057969","sema domain, immunoglobulin domain (Ig), short basic domain, secreted, (semaphorin) 3B [Source:MGI Symbol;Acc:MGI:107561]"
"92","ENSG00000135823","ENSG00000135823","92.1.1","Stx6","ENSMUSG00000026470","syntaxin 6 [Source:MGI Symbol;Acc:MGI:1926235]"
"93","ENSG00000078900","ENSG00000078900","93.1.1","Trp73","ENSMUSG00000029026","transformation related protein 73 [Source:MGI Symbol;Acc:MGI:1336991]"
"94","ENSG00000119401","ENSG00000119401","94.1.1","Trim32","ENSMUSG00000051675","tripartite motif-containing 32 [Source:MGI Symbol;Acc:MGI:1917057]"
"95","ENSG00000042286","ENSG00000042286","95.1.1","Aifm2","ENSMUSG00000020085","apoptosis-inducing factor, mitochondrion-associated 2 [Source:MGI Symbol;Acc:MGI:1918611]"
"96","ENSG00000154640","ENSG00000154640","96.1.1","Btg3","ENSMUSG00000022863","B cell translocation gene 3 [Source:MGI Symbol;Acc:MGI:109532]"
"97","ENSG00000138794","ENSG00000138794","97.1.1","Casp6","ENSMUSG00000027997","caspase 6 [Source:MGI Symbol;Acc:MGI:1312921]"
"98","ENSG00000105974","ENSG00000105974","98.1.1","Cav1","ENSMUSG00000007655","caveolin 1, caveolae protein [Source:MGI Symbol;Acc:MGI:102709]"
"99","ENSG00000090061","ENSG00000090061","99.1.1","Ccnk","ENSMUSG00000021258","cyclin K [Source:MGI Symbol;Acc:MGI:1276106]"
"100","ENSG00000196337","ENSG00000196337","100.1.1","N/A","N/A","N/A"
"101","ENSG00000138166","ENSG00000138166","101.1.1","Dusp5","ENSMUSG00000034765","dual specificity phosphatase 5 [Source:MGI Symbol;Acc:MGI:2685183]"
"102","ENSG00000276536","N/A","102.1.1","N/A","N/A","N/A"
"103","ENSG00000170421","ENSG00000170421","103.1.1","Krt8","ENSMUSG00000049382","keratin 8 [Source:MGI Symbol;Acc:MGI:96705]"
"104","ENSG00000090097","ENSG00000090097","104.1.1","Pcbp4","ENSMUSG00000023495","poly(rC) binding protein 4 [Source:MGI Symbol;Acc:MGI:1890471]"
"105","ENSG00000112378","ENSG00000112378","105.1.1","Perp","ENSMUSG00000019851","PERP, TP53 apoptosis effector [Source:MGI Symbol;Acc:MGI:1929938]"
"106","ENSG00000155367","ENSG00000155367","106.1.1","Ppm1j","ENSMUSG00000002228","protein phosphatase 1J [Source:MGI Symbol;Acc:MGI:1919137]"
"107","ENSG00000132819","ENSG00000132819","107.1.1","Rbm38","ENSMUSG00000027510","RNA binding motif protein 38 [Source:MGI Symbol;Acc:MGI:1889294]"
"108","ENSG00000155366","ENSG00000155366","108.1.1","Rhoc","ENSMUSG00000002233","ras homolog family member C [Source:MGI Symbol;Acc:MGI:106028]"
"109","ENSG00000166257","ENSG00000166257","109.1.1","Scn3b","ENSMUSG00000049281","sodium channel, voltage-gated, type III, beta [Source:MGI Symbol;Acc:MGI:1918882]"
"110","ENSG00000141510","ENSG00000141510","110.1.1","Trp53","ENSMUSG00000059552","transformation related protein 53 [Source:MGI Symbol;Acc:MGI:98834]"
"111","ENSG00000111424","ENSG00000111424","111.1.1","Vdr","ENSMUSG00000022479","vitamin D (1,25-dihydroxyvitamin D3) receptor [Source:MGI Symbol;Acc:MGI:103076]"
"112","ENSG00000090238","ENSG00000090238","112.1.1","Ypel3","ENSMUSG00000042675","yippee like 3 [Source:MGI Symbol;Acc:MGI:1913340]"
"113","ENSG00000240303","ENSG00000240303","113.1.1","Acad11","ENSMUSG00000090150","acyl-Coenzyme A dehydrogenase family, member 11 [Source:MGI Symbol;Acc:MGI:2143169]"
"114","ENSG00000134982","ENSG00000134982","114.1.1","Apc","ENSMUSG00000005871","APC, WNT signaling pathway regulator [Source:MGI Symbol;Acc:MGI:88039]"
"115","ENSG00000116017","ENSG00000116017","115.1.1","Arid3a","ENSMUSG00000019564","AT rich interactive domain 3A (BRIGHT-like) [Source:MGI Symbol;Acc:MGI:1328360]"
"116","ENSG00000172379","ENSG00000172379","116.1.1","Arnt2","ENSMUSG00000015709","aryl hydrocarbon receptor nuclear translocator 2 [Source:MGI Symbol;Acc:MGI:107188]"
"117","ENSG00000172530","ENSG00000172530","117.1.1","Banp","ENSMUSG00000025316","BTG3 associated nuclear protein [Source:MGI Symbol;Acc:MGI:1889023]"
"118","ENSG00000015475","ENSG00000015475","118.1.1","Bid","ENSMUSG00000004446","BH3 interacting domain death agonist [Source:MGI Symbol;Acc:MGI:108093]"
"119","ENSG00000107738","ENSG00000107738","119.1.1","Vsir","ENSMUSG00000020101","V-set immunoregulatory receptor [Source:MGI Symbol;Acc:MGI:1921298]"
"120","ENSG00000170367","ENSG00000170367","120.1.1","N/A","N/A","N/A"
"121","ENSG00000235134","N/A","121.1.1","N/A","N/A","N/A"
"122","ENSG00000149091","ENSG00000149091","122.1.1","Dgkz","ENSMUSG00000040479","diacylglycerol kinase zeta [Source:MGI Symbol;Acc:MGI:1278339]"
"123","ENSG00000107984","ENSG00000107984","123.1.1","Dkk1","ENSMUSG00000024868","dickkopf WNT signaling pathway inhibitor 1 [Source:MGI Symbol;Acc:MGI:1329040]"
"124","ENSG00000164307","ENSG00000164307","124.1.1","Erap1","ENSMUSG00000021583","endoplasmic reticulum aminopeptidase 1 [Source:MGI Symbol;Acc:MGI:1933403]"
"125","ENSG00000170345","ENSG00000170345","125.1.1","Fos","ENSMUSG00000021250","FBJ osteosarcoma oncogene [Source:MGI Symbol;Acc:MGI:95574]"
"126","ENSG00000130005","ENSG00000130005","126.1.1","Gamt","ENSMUSG00000020150","guanidinoacetate methyltransferase [Source:MGI Symbol;Acc:MGI:1098221]"
"127","ENSG00000131979","ENSG00000131979","127.1.1","Gch1","ENSMUSG00000037580","GTP cyclohydrolase 1 [Source:MGI Symbol;Acc:MGI:95675]"
"128","ENSG00000164404","ENSG00000164404","128.1.1","Gdf9","ENSMUSG00000018238","growth differentiation factor 9 [Source:MGI Symbol;Acc:MGI:95692]"
"129","ENSG00000197386","ENSG00000197386","129.1.1","Htt","ENSMUSG00000029104","huntingtin [Source:MGI Symbol;Acc:MGI:96067]"
"130","ENSG00000128604","ENSG00000128604","130.1.1","Irf5","ENSMUSG00000029771","interferon regulatory factor 5 [Source:MGI Symbol;Acc:MGI:1350924]"
"131","ENSG00000135709","ENSG00000135709","131.1.1","6430548M08Rik","ENSMUSG00000031824","RIKEN cDNA 6430548M08 gene [Source:MGI Symbol;Acc:MGI:2443793]"
"132","ENSG00000134324","ENSG00000134324","132.1.1","Lpin1","ENSMUSG00000020593","lipin 1 [Source:MGI Symbol;Acc:MGI:1891340]"
"133","ENSG00000105976","ENSG00000105976","133.1.1","Met","ENSMUSG00000009376","met proto-oncogene [Source:MGI Symbol;Acc:MGI:96969]"
"134","ENSG00000087245","ENSG00000087245","134.1.1","Mmp2","ENSMUSG00000031740","matrix metallopeptidase 2 [Source:MGI Symbol;Acc:MGI:97009]"
"135","ENSG00000116701","ENSG00000116701","135.1.1","Ncf2","ENSMUSG00000026480","neutrophil cytosolic factor 2 [Source:MGI Symbol;Acc:MGI:97284]"
"136","ENSG00000136999","ENSG00000136999","136.1.1","Ccn3","ENSMUSG00000037362","cellular communication network factor 3 [Source:MGI Symbol;Acc:MGI:109185]"
"137","ENSG00000118495","ENSG00000118495","137.1.1","Plagl1","ENSMUSG00000019817","pleiomorphic adenoma gene-like 1 [Source:MGI Symbol;Acc:MGI:1100874]"
"138","ENSG00000122512","ENSG00000122512","138.1.1","Gm42421","ENSMUSG00000104633","predicted gene, 42421 [Source:MGI Symbol;Acc:MGI:5649069]"
"139","ENSG00000165828","ENSG00000165828","139.1.1","Prap1","ENSMUSG00000025467","proline-rich acidic protein 1 [Source:MGI Symbol;Acc:MGI:893573]"
"140","ENSG00000244694","ENSG00000244694","140.1.1","Ptchd4","ENSMUSG00000042256","patched domain containing 4 [Source:MGI Symbol;Acc:MGI:1920485]"
"141","ENSG00000171862","ENSG00000171862","141.1.1","Pten","ENSMUSG00000013663","phosphatase and tensin homolog [Source:MGI Symbol;Acc:MGI:109583]"
"142","ENSG00000163743","ENSG00000163743","142.1.1","Rchy1","ENSMUSG00000029397","ring finger and CHY zinc finger domain containing 1 [Source:MGI Symbol;Acc:MGI:1915348]"
"143","ENSG00000001617","ENSG00000001617","143.1.1","Sema3f","ENSMUSG00000034684","sema domain, immunoglobulin domain (Ig), short basic domain, secreted, (semaphorin) 3F [Source:MGI Symbol;Acc:MGI:1096347]"
"144","ENSG00000118515","ENSG00000118515","144.1.1","Sgk1","ENSMUSG00000019970","serum/glucocorticoid regulated kinase 1 [Source:MGI Symbol;Acc:MGI:1340062]"
"145","ENSG00000165025","ENSG00000165025","145.1.1","Syk","ENSMUSG00000021457","spleen tyrosine kinase [Source:MGI Symbol;Acc:MGI:99515]"
"146","ENSG00000174130","ENSG00000174130","146.1.1","Tlr6","ENSMUSG00000051498","toll-like receptor 6 [Source:MGI Symbol;Acc:MGI:1341296]"
"147","ENSG00000103197","ENSG00000103197","147.1.1","Tsc2","ENSMUSG00000002496","tuberous sclerosis 2 [Source:MGI Symbol;Acc:MGI:102548]"
"148","ENSG00000146648","ENSG00000146648","148.1.1","Egfr","ENSMUSG00000020122","epidermal growth factor receptor [Source:MGI Symbol;Acc:MGI:95294]"
"149","ENSG00000168264","ENSG00000168264","149.1.1","Irf2bp2","ENSMUSG00000051495","interferon regulatory factor 2 binding protein 2 [Source:MGI Symbol;Acc:MGI:2443921]"
"150","ENSG00000071054","ENSG00000071054","150.1.1","Map4k4","ENSMUSG00000026074","mitogen-activated protein kinase kinase kinase kinase 4 [Source:MGI Symbol;Acc:MGI:1349394]"
"151","ENSG00000137203","ENSG00000137203","151.1.1","Tfap2a","ENSMUSG00000021359","transcription factor AP-2, alpha [Source:MGI Symbol;Acc:MGI:104671]"
"152","ENSG00000087510","ENSG00000087510","152.1.1","Tfap2c","ENSMUSG00000028640","transcription factor AP-2, gamma [Source:MGI Symbol;Acc:MGI:106032]"
"153","ENSG00000137331","ENSG00000137331","153.1.1","Ier3","ENSMUSG00000003541","immediate early response 3 [Source:MGI Symbol;Acc:MGI:104814]"
"154","ENSG00000135744","ENSG00000135744","154.1.1","Agt","ENSMUSG00000031980","angiotensinogen (serpin peptidase inhibitor, clade A, member 8) [Source:MGI Symbol;Acc:MGI:87963]"
"155","ENSG00000144891","ENSG00000144891","155.1.1","Agtr1a","ENSMUSG00000049115","angiotensin II receptor, type 1a [Source:MGI Symbol;Acc:MGI:87964]"
"155","ENSG00000144891","ENSG00000144891","155.1.2","Agtr1b","ENSMUSG00000054988","angiotensin II receptor, type 1b [Source:MGI Symbol;Acc:MGI:87965]"
"156","ENSG00000156709","ENSG00000156709","156.1.1","Aifm1","ENSMUSG00000036932","apoptosis-inducing factor, mitochondrion-associated 1 [Source:MGI Symbol;Acc:MGI:1349419]"
"157","ENSG00000135046","ENSG00000135046","157.1.1","Anxa1","ENSMUSG00000024659","annexin A1 [Source:MGI Symbol;Acc:MGI:96819]"
"158","ENSG00000084674","ENSG00000084674","158.1.1","Apob","ENSMUSG00000020609","apolipoprotein B [Source:MGI Symbol;Acc:MGI:88052]"
"159","ENSG00000111701","ENSG00000111701","159.1.1","Apobec1","ENSMUSG00000040613","apolipoprotein B mRNA editing enzyme, catalytic polypeptide 1 [Source:MGI Symbol;Acc:MGI:103298]"
"160","ENSG00000030110","ENSG00000030110","160.1.1","Bak1","ENSMUSG00000057789","BCL2-antagonist/killer 1 [Source:MGI Symbol;Acc:MGI:1097161]"
"161","ENSG00000121380","ENSG00000121380","161.1.1","Bcl2l14","ENSMUSG00000030200","BCL2-like 14 (apoptosis facilitator) [Source:MGI Symbol;Acc:MGI:1914063]"
"162","ENSG00000168398","ENSG00000168398","162.1.1","Bdkrb2","ENSMUSG00000021070","bradykinin receptor, beta 2 [Source:MGI Symbol;Acc:MGI:102845]"
"163","ENSG00000104765","ENSG00000104765","163.1.1","Bnip3l","ENSMUSG00000022051","BCL2/adenovirus E1B interacting protein 3-like [Source:MGI Symbol;Acc:MGI:1332659]"
"164","ENSG00000137752","ENSG00000137752","164.1.1","Casp1","ENSMUSG00000025888","caspase 1 [Source:MGI Symbol;Acc:MGI:96544]"
"165","ENSG00000003400","ENSG00000003400","165.1.1","N/A","N/A","N/A"
"166","ENSG00000164695","ENSG00000164695","166.1.1","Chmp4c","ENSMUSG00000027536","charged multivesicular body protein 4C [Source:MGI Symbol;Acc:MGI:1913621]"
"167","ENSG00000104879","ENSG00000104879","167.1.1","Ckm","ENSMUSG00000030399","creatine kinase, muscle [Source:MGI Symbol;Acc:MGI:88413]"
"168","ENSG00000182871","ENSG00000182871","168.1.1","Col18a1","ENSMUSG00000001435","collagen, type XVIII, alpha 1 [Source:MGI Symbol;Acc:MGI:88451]"
"169","ENSG00000093010","ENSG00000093010","169.1.1","Comt","ENSMUSG00000000326","catechol-O-methyltransferase [Source:MGI Symbol;Acc:MGI:88470]"
"170","ENSG00000169169","ENSG00000169169","170.1.1","Cpt1c","ENSMUSG00000007783","carnitine palmitoyltransferase 1c [Source:MGI Symbol;Acc:MGI:2446526]"
"171","ENSG00000101439","ENSG00000101439","171.1.1","Cst3","ENSMUSG00000027447","cystatin C [Source:MGI Symbol;Acc:MGI:102519]"
"171","ENSG00000101439","ENSG00000101439","171.1.2","Cst10","ENSMUSG00000033156","cystatin 10 (chondrocytes) [Source:MGI Symbol;Acc:MGI:1930004]"
"172","ENSG00000150281","ENSG00000150281","172.1.1","Ctf1","ENSMUSG00000042340","cardiotrophin 1 [Source:MGI Symbol;Acc:MGI:105115]"
"173","ENSG00000117984","ENSG00000117984","173.1.1","Ctsd","ENSMUSG00000007891","cathepsin D [Source:MGI Symbol;Acc:MGI:88562]"
"173","ENSG00000117984","ENSG00000117984","173.1.2","Gm49369","ENSMUSG00000110040","predicted gene, 49369 [Source:MGI Symbol;Acc:MGI:6121585]"
"174","ENSG00000006210","ENSG00000006210","174.1.1","Cx3cl1","ENSMUSG00000031778","chemokine (C-X3-C motif) ligand 1 [Source:MGI Symbol;Acc:MGI:1097153]"
"175","ENSG00000173077","ENSG00000173077","175.1.1","N/A","N/A","N/A"
"176","ENSG00000120129","ENSG00000120129","176.1.1","Dusp1","ENSMUSG00000024190","dual specificity phosphatase 1 [Source:MGI Symbol;Acc:MGI:105120]"
"177","ENSG00000158050","ENSG00000158050","177.1.1","Dusp2","ENSMUSG00000027368","dual specificity phosphatase 2 [Source:MGI Symbol;Acc:MGI:101911]"
"178","ENSG00000120875","ENSG00000120875","178.1.1","Dusp4","ENSMUSG00000031530","dual specificity phosphatase 4 [Source:MGI Symbol;Acc:MGI:2442191]"
"179","ENSG00000139318","ENSG00000139318","179.1.1","Dusp6","ENSMUSG00000019960","dual specificity phosphatase 6 [Source:MGI Symbol;Acc:MGI:1914853]"
"180","ENSG00000122877","ENSG00000122877","180.1.1","Egr2","ENSMUSG00000037868","early growth response 2 [Source:MGI Symbol;Acc:MGI:95296]"
"181","ENSG00000012061","ENSG00000012061","181.1.1","Ercc1","ENSMUSG00000003549","excision repair cross-complementing rodent repair deficiency, complementation group 1 [Source:MGI Symbol;Acc:MGI:95412]"
"182","ENSG00000091831","ENSG00000091831","182.1.1","Esr1","ENSMUSG00000019768","estrogen receptor 1 (alpha) [Source:MGI Symbol;Acc:MGI:1352467]"
"183","ENSG00000079459","ENSG00000079459","183.1.1","Fdft1","ENSMUSG00000021273","farnesyl diphosphate farnesyl transferase 1 [Source:MGI Symbol;Acc:MGI:102706]"
"184","ENSG00000160752","ENSG00000160752","184.1.1","Fdps","ENSMUSG00000059743","farnesyl diphosphate synthetase [Source:MGI Symbol;Acc:MGI:104888]"
"185","ENSG00000102755","ENSG00000102755","185.1.1","Flt1","ENSMUSG00000029648","FMS-like tyrosine kinase 1 [Source:MGI Symbol;Acc:MGI:95558]"
"186","ENSG00000103241","ENSG00000103241","186.1.1","Foxf1","ENSMUSG00000042812","forkhead box F1 [Source:MGI Symbol;Acc:MGI:1347470]"
"187","ENSG00000049768","ENSG00000049768","187.1.1","Foxp3","ENSMUSG00000039521","forkhead box P3 [Source:MGI Symbol;Acc:MGI:1891436]"
"188","ENSG00000136750","ENSG00000136750","188.1.1","Gad2","ENSMUSG00000026787","glutamic acid decarboxylase 2 [Source:MGI Symbol;Acc:MGI:95634]"
"189","ENSG00000084207","ENSG00000084207","189.1.1","Gstp2","ENSMUSG00000038155","glutathione S-transferase, pi 2 [Source:MGI Symbol;Acc:MGI:95864]"
"189","ENSG00000084207","ENSG00000084207","189.1.2","Gstp1","ENSMUSG00000060803","glutathione S-transferase, pi 1 [Source:MGI Symbol;Acc:MGI:95865]"
"190","ENSG00000105697","ENSG00000105697","190.1.1","Hamp","ENSMUSG00000050440","hepcidin antimicrobial peptide [Source:MGI Symbol;Acc:MGI:1933533]"
"190","ENSG00000105697","ENSG00000105697","190.1.2","Hamp2","ENSMUSG00000056978","hepcidin antimicrobial peptide 2 [Source:MGI Symbol;Acc:MGI:2153530]"
"191","ENSG00000140287","ENSG00000140287","191.1.1","Hdc","ENSMUSG00000027360","histidine decarboxylase [Source:MGI Symbol;Acc:MGI:96062]"
"192","ENSG00000177374","ENSG00000177374","192.1.1","Hic1","ENSMUSG00000043099","hypermethylated in cancer 1 [Source:MGI Symbol;Acc:MGI:1338010]"
"193","ENSG00000113161","ENSG00000113161","193.1.1","Hmgcr","ENSMUSG00000021670","3-hydroxy-3-methylglutaryl-Coenzyme A reductase [Source:MGI Symbol;Acc:MGI:96159]"
"194","ENSG00000146674","ENSG00000146674","194.1.1","Igfbp3","ENSMUSG00000020427","insulin-like growth factor binding protein 3 [Source:MGI Symbol;Acc:MGI:96438]"
"195","ENSG00000213928","ENSG00000213928","195.1.1","Irf9","ENSMUSG00000002325","interferon regulatory factor 9 [Source:MGI Symbol;Acc:MGI:107587]"
"196","ENSG00000227268","ENSG00000227268","196.1.1","N/A","N/A","N/A"
"197","ENSG00000130164","ENSG00000130164","197.1.1","Ldlr","ENSMUSG00000032193","low density lipoprotein receptor [Source:MGI Symbol;Acc:MGI:96765]"
"198","ENSG00000198125","ENSG00000198125","198.1.1","Mb","ENSMUSG00000018893","myoglobin [Source:MGI Symbol;Acc:MGI:96922]"
"199","ENSG00000116688","ENSG00000116688","199.1.1","Mfn2","ENSMUSG00000029020","mitofusin 2 [Source:MGI Symbol;Acc:MGI:2442230]"
"200","ENSG00000110921","ENSG00000110921","200.1.1","Mvk","ENSMUSG00000041939","mevalonate kinase [Source:MGI Symbol;Acc:MGI:107624]"
"201","ENSG00000104419","ENSG00000104419","201.1.1","Ndrg1","ENSMUSG00000005125","N-myc downstream regulated gene 1 [Source:MGI Symbol;Acc:MGI:1341799]"
"202","ENSG00000091106","ENSG00000091106","202.1.1","Nlrc4","ENSMUSG00000039193","NLR family, CARD domain containing 4 [Source:MGI Symbol;Acc:MGI:3036243]"
"203","ENSG00000131910","ENSG00000131910","203.1.1","Nr0b2","ENSMUSG00000037583","nuclear receptor subfamily 0, group B, member 2 [Source:MGI Symbol;Acc:MGI:1346344]"
"204","ENSG00000168824","ENSG00000168824","204.1.1","Nsg1","ENSMUSG00000029126","neuron specific gene family member 1 [Source:MGI Symbol;Acc:MGI:109149]"
"205","ENSG00000106809","ENSG00000106809","205.1.1","Ogn","ENSMUSG00000021390","osteoglycin [Source:MGI Symbol;Acc:MGI:109278]"
"206","ENSG00000228278","ENSG00000228278","206.1.1","Orm3","ENSMUSG00000028359","orosomucoid 3 [Source:MGI Symbol;Acc:MGI:97445]"
"206","ENSG00000228278","ENSG00000228278","206.1.2","Orm1","ENSMUSG00000039196","orosomucoid 1 [Source:MGI Symbol;Acc:MGI:97443]"
"206","ENSG00000228278","ENSG00000228278","206.1.3","Orm2","ENSMUSG00000061540","orosomucoid 2 [Source:MGI Symbol;Acc:MGI:97444]"
"207","ENSG00000185345","ENSG00000185345","207.1.1","Prkn","ENSMUSG00000023826","parkin RBR E3 ubiquitin protein ligase [Source:MGI Symbol;Acc:MGI:1355296]"
"208","ENSG00000075891","ENSG00000075891","208.1.1","Pax2","ENSMUSG00000004231","paired box 2 [Source:MGI Symbol;Acc:MGI:97486]"
"209","ENSG00000138650","ENSG00000138650","209.1.1","Pcdh10","ENSMUSG00000049100","protocadherin 10 [Source:MGI Symbol;Acc:MGI:1338042]"
"210","ENSG00000089220","ENSG00000089220","210.1.1","Pbp2","ENSMUSG00000047104","phosphatidylethanolamine binding protein 2 [Source:MGI Symbol;Acc:MGI:1923650]"
"211","ENSG00000239756","N/A","211.1.1","N/A","N/A","N/A"
"212","ENSG00000115138","ENSG00000115138","212.1.1","Pomc","ENSMUSG00000020660","pro-opiomelanocortin-alpha [Source:MGI Symbol;Acc:MGI:97742]"
"213","ENSG00000222014","ENSG00000222014","213.1.1","N/A","N/A","N/A"
"214","ENSG00000133321","ENSG00000133321","214.1.1","N/A","N/A","N/A"
"215","ENSG00000173366","ENSG00000173366","215.1.1","Tlr9","ENSMUSG00000045322","toll-like receptor 9 [Source:MGI Symbol;Acc:MGI:1932389]"
"216","ENSG00000163220","ENSG00000163220","216.1.1","S100a9","ENSMUSG00000056071","S100 calcium binding protein A9 (calgranulin B) [Source:MGI Symbol;Acc:MGI:1338947]"
"216","ENSG00000163220","ENSG00000163220","216.1.2","Gm5849","ENSMUSG00000096621","predicted gene 5849 [Source:MGI Symbol;Acc:MGI:3645655]"
"217","ENSG00000277405","N/A","217.1.1","N/A","N/A","N/A"
"218","ENSG00000183918","ENSG00000183918","218.1.1","Sh2d1a","ENSMUSG00000005696","SH2 domain containing 1A [Source:MGI Symbol;Acc:MGI:1328352]"
"219","ENSG00000129214","ENSG00000129214","219.1.1","Shbg","ENSMUSG00000005202","sex hormone binding globulin [Source:MGI Symbol;Acc:MGI:98295]"
"220","ENSG00000196470","ENSG00000196470","220.1.1","Siah1a","ENSMUSG00000036840","siah E3 ubiquitin protein ligase 1A [Source:MGI Symbol;Acc:MGI:108064]"
"220","ENSG00000196470","ENSG00000196470","220.1.2","Siah1b","ENSMUSG00000040749","siah E3 ubiquitin protein ligase 1B [Source:MGI Symbol;Acc:MGI:108063]"
"221","ENSG00000184990","ENSG00000184990","221.1.1","Siva1","ENSMUSG00000064326","SIVA1, apoptosis-inducing factor [Source:MGI Symbol;Acc:MGI:1353606]"
"222","ENSG00000118007","ENSG00000118007","222.1.1","Stag1","ENSMUSG00000037286","stromal antigen 1 [Source:MGI Symbol;Acc:MGI:1098658]"
"223","ENSG00000113387","ENSG00000113387","223.1.1","Sub1","ENSMUSG00000022205","SUB1 homolog, transcriptional regulator [Source:MGI Symbol;Acc:MGI:104811]"
"224","ENSG00000198959","ENSG00000198959","224.1.1","Tgm2","ENSMUSG00000037820","transglutaminase 2, C polypeptide [Source:MGI Symbol;Acc:MGI:98731]"
"225","ENSG00000174123","ENSG00000174123","225.1.1","N/A","N/A","N/A"
"226","ENSG00000137462","ENSG00000137462","226.1.1","Tlr2","ENSMUSG00000027995","toll-like receptor 2 [Source:MGI Symbol;Acc:MGI:1346060]"
"227","ENSG00000136869","ENSG00000136869","227.1.1","Tlr4","ENSMUSG00000039005","toll-like receptor 4 [Source:MGI Symbol;Acc:MGI:96824]"
"228","ENSG00000187554","ENSG00000187554","228.1.1","Tlr5","ENSMUSG00000079164","toll-like receptor 5 [Source:MGI Symbol;Acc:MGI:1858171]"
"229","ENSG00000101916","ENSG00000101916","229.1.1","Tlr8","ENSMUSG00000040522","toll-like receptor 8 [Source:MGI Symbol;Acc:MGI:2176887]"
"230","ENSG00000125657","ENSG00000125657","230.1.1","Tnfsf9","ENSMUSG00000035678","tumor necrosis factor (ligand) superfamily, member 9 [Source:MGI Symbol;Acc:MGI:1101058]"
"231","ENSG00000120471","ENSG00000120471","231.1.1","N/A","N/A","N/A"
"232","ENSG00000107165","ENSG00000107165","232.1.1","Tyrp1","ENSMUSG00000005994","tyrosinase-related protein 1 [Source:MGI Symbol;Acc:MGI:98881]"
"233","ENSG00000165886","ENSG00000165886","233.1.1","Ubtd1","ENSMUSG00000025171","ubiquitin domain containing 1 [Source:MGI Symbol;Acc:MGI:2385092]"
"234","ENSG00000177169","ENSG00000177169","234.1.1","Ulk1","ENSMUSG00000029512","unc-51 like kinase 1 [Source:MGI Symbol;Acc:MGI:1270126]"
"235","ENSG00000113763","ENSG00000113763","235.1.1","Unc5a","ENSMUSG00000025876","unc-5 netrin receptor A [Source:MGI Symbol;Acc:MGI:894682]"
"236","ENSG00000128016","ENSG00000128016","236.1.1","Zfp36","ENSMUSG00000044786","zinc finger protein 36 [Source:MGI Symbol;Acc:MGI:99180]"
"237","ENSG00000172292","ENSG00000172292","237.1.1","Cers6","ENSMUSG00000027035","ceramide synthase 6 [Source:MGI Symbol;Acc:MGI:2442564]"
"238","ENSG00000076242","ENSG00000076242","238.1.1","Mlh1","ENSMUSG00000032498","mutL homolog 1 [Source:MGI Symbol;Acc:MGI:101938]"
"239","ENSG00000146151","ENSG00000146151","239.1.1","Hmgcll1","ENSMUSG00000007908","3-hydroxymethyl-3-methylglutaryl-Coenzyme A lyase-like 1 [Source:MGI Symbol;Acc:MGI:2446108]"
"240","ENSG00000163565","ENSG00000163565","240.1.1","Ifi208","ENSMUSG00000066677","interferon activated gene 208 [Source:MGI Symbol;Acc:MGI:2442822]"
"240","ENSG00000163565","ENSG00000163565","240.1.2","Ifi214","ENSMUSG00000070501","interferon activated gene 214 [Source:MGI Symbol;Acc:MGI:3584522]"
"240","ENSG00000163565","ENSG00000163565","240.1.3","Ifi213","ENSMUSG00000073491","interferon activated gene 213 [Source:MGI Symbol;Acc:MGI:3695276]"
"241","ENSG00000149573","ENSG00000149573","241.1.1","Mpzl2","ENSMUSG00000032092","myelin protein zero-like 2 [Source:MGI Symbol;Acc:MGI:1289160]"
"242","ENSG00000103490","ENSG00000103490","242.1.1","Pycard","ENSMUSG00000030793","PYD and CARD domain containing [Source:MGI Symbol;Acc:MGI:1931465]"
"243","ENSG00000085563","ENSG00000085563","243.1.1","Abcb1b","ENSMUSG00000028970","ATP-binding cassette, sub-family B (MDR/TAP), member 1B [Source:MGI Symbol;Acc:MGI:97568]"
"243","ENSG00000085563","ENSG00000085563","243.1.2","Abcb1a","ENSMUSG00000040584","ATP-binding cassette, sub-family B (MDR/TAP), member 1A [Source:MGI Symbol;Acc:MGI:97570]"
"244","ENSG00000073282","ENSG00000073282","244.1.1","Trp63","ENSMUSG00000022510","transformation related protein 63 [Source:MGI Symbol;Acc:MGI:1330810]"
"245","ENSG00000083290","ENSG00000083290","245.1.1","Ulk2","ENSMUSG00000004798","unc-51 like kinase 2 [Source:MGI Symbol;Acc:MGI:1352758]"
"246","ENSG00000139687","ENSG00000139687","246.1.1","Rb1","ENSMUSG00000022105","RB transcriptional corepressor 1 [Source:MGI Symbol;Acc:MGI:97874]"
"247","ENSG00000158169","ENSG00000158169","247.1.1","Fancc","ENSMUSG00000021461","Fanconi anemia, complementation group C [Source:MGI Symbol;Acc:MGI:95480]"
"248","ENSG00000158402","ENSG00000158402","248.1.1","Cdc25c","ENSMUSG00000044201","cell division cycle 25C [Source:MGI Symbol;Acc:MGI:88350]"